{
  "features" : [
    {
      "attributes" : { "name" : "Gary", "id": 0 },
      "geometry" : { 
        "type" : "esriGeometryPolygon",
        "rings" : [ [
            [144.94831970973374, -37.788498814631836], 
            [144.95044401927333, -37.78761701797737], 
            [144.95079807086327, -37.788337717951705], 
            [144.94867376132365, -37.78913471915051], 
            [144.94831970973374, -37.788498814631836]
        ] ],
        "spatialReference" : { "wkid" : 4326 }
      }
    }
  ],
  "extent" : {
    "type" : "extent",
    "xmin" : 144.94314841075348,
    "ymin" : -37.79447610105801,
    "xmax" : 144.95952061457896,
    "ymax" : -37.78453912604284,
    "spatialReference" : { "wkid" :4326 }
  }
}
